name;category;date;y;z;color
0-9 ans;tests positifs / réalisés;17-05-2020;1,04;64;"#f1c40f"
0-9 ans;tests positifs / réalisés;24-05-2020;1,06;125;"#f1c40f"
0-9 ans;tests positifs / réalisés;31-05-2020;0,98;136;"#f1c40f"
0-9 ans;tests positifs / réalisés;07-06-2020;1,08;115;"#f1c40f"
0-9 ans;tests positifs / réalisés;14-06-2020;1,72;196;"#F0B813"
0-9 ans;tests positifs / réalisés;21-06-2020;1,89;223;"#F0B813"
0-9 ans;tests positifs / réalisés;28-06-2020;1,2;212;"#F0B813"
0-9 ans;tests positifs / réalisés;05-07-2020;0,74;247;"#F0B813"
0-9 ans;tests positifs / réalisés;12-07-2020;0,75;269;"#F0B813"
0-9 ans;tests positifs / réalisés;19-07-2020;0,96;260;"#F0B813"
0-9 ans;tests positifs / réalisés;26-07-2020;1,16;330;"#EEA918"
0-9 ans;tests positifs / réalisés;02-08-2020;1,34;364;"#EEA918"
0-9 ans;tests positifs / réalisés;09-08-2020;1,99;490;"#EEA918"
0-9 ans;tests positifs / réalisés;16-08-2020;2,47;593;"#EEA918"
0-9 ans;tests positifs / réalisés;23-08-2020;2,97;823;"#EEA918"
0-9 ans;tests positifs / réalisés;30-08-2020;3,69;1236;"#EEA918"
0-9 ans;tests positifs / réalisés;06-09-2020;4,06;1910;"#EEA918"
0-9 ans;tests positifs / réalisés;13-09-2020;2,39;2974;"#ED9D1D"
0-9 ans;tests positifs / réalisés;20-09-2020;2,78;2748;"#ED9D1D"
0-9 ans;tests positifs / réalisés;27-09-2020;4,34;1799;"#ED9D1D"
0-9 ans;tests positifs / réalisés;04-10-2020;5,87;1717;"#ED9D1D"
0-9 ans;tests positifs / réalisés;11-10-2020;7,98;2769;"#ED9D1D"
0-9 ans;tests positifs / réalisés;18-10-2020;8,15;3844;"#ED9D1D"
0-9 ans;tests positifs / réalisés;25-10-2020;10,04;5209;"#EC9221"
0-9 ans;tests positifs / réalisés;01-11-2020;12,74;7311;"#EC9221"
0-9 ans;tests positifs / réalisés;08-11-2020;13,13;8842;"#EC9221"
0-9 ans;tests positifs / réalisés;15-11-2020;10,68;5727;"#EC9221"
0-9 ans;tests positifs / réalisés;22-11-2020;9,07;4270;"#EC9221"
0-9 ans;tests positifs / réalisés;29-11-2020;7,09;2664;"#EC9221"
0-9 ans;tests positifs / réalisés;06-12-2020;7,74;2539;"#EB8626"
0-9 ans;tests positifs / réalisés;13-12-2020;7,15;2655;"#EB8626"
0-9 ans;tests positifs / réalisés;20-12-2020;4,3;2905;"#EB8626"
0-9 ans;tests positifs / réalisés;27-12-2020;2,8;2272;"#EB8626"
0-9 ans;tests positifs / réalisés;03-01-2021;7,43;2611;"#EB8626"
0-9 ans;tests positifs / réalisés;10-01-2021;9,76;3828;"#EB8626"
0-9 ans;tests positifs / réalisés;17-01-2021;8,11;4313;"#EB8626"
0-9 ans;tests positifs / réalisés;24-01-2021;7,88;5792;"#EA7A2A"
0-9 ans;tests positifs / réalisés;31-01-2021;7,1;6006;"#EA7A2A"
0-9 ans;tests positifs / réalisés;07-02-2021;6,14;5847;"#EA7A2A"
0-9 ans;tests positifs / réalisés;14-02-2021;5,1;5661;"#EA7A2A"
0-9 ans;tests positifs / réalisés;21-02-2021;5,47;5664;"#EA7A2A"
0-9 ans;tests positifs / réalisés;28-02-2021;7,69;6107;"#EA7A2A"
0-9 ans;tests positifs / réalisés;07-03-2021;7,48;6612;"#E96F2E"
0-9 ans;tests positifs / réalisés;14-03-2021;5,36;8629;"#E96F2E"
0-9 ans;tests positifs / réalisés;21-03-2021;5,05;12496;"#E96F2E"
0-9 ans;tests positifs / réalisés;28-03-2021;4,89;15767;"#E96F2E"
0-9 ans;tests positifs / réalisés;04-04-2021;4,1;15570;"#E96F2E"
0-9 ans;tests positifs / réalisés;11-04-2021;6,86;10039;"#E96F2E"
0-9 ans;tests positifs / réalisés;18-04-2021;10,29;9472;"#E96F2E"
0-9 ans;tests positifs / réalisés;25-04-2021;11,86;9580;"#E86333"
0-9 ans;tests positifs / réalisés;02-05-2021;4;9039;"#E86333"
0-9 ans;tests positifs / réalisés;09-05-2021;2,84;9533;"#E86333"
0-9 ans;tests positifs / réalisés;16-05-2021;3,22;8383;"#E86333"
0-9 ans;tests positifs / réalisés;23-05-2021;2,4;7811;"#E86333"
0-9 ans;tests positifs / réalisés;30-05-2021;2,06;5322;"#E86333"
0-9 ans;tests positifs / réalisés;06-06-2021;1,38;3764;"#E75737"
0-9 ans;tests positifs / réalisés;13-06-2021;0,92;2109;"#E75737"
0-9 ans;tests positifs / réalisés;20-06-2021;0,61;1198;"#E75737"
0-9 ans;tests positifs / réalisés;27-06-2021;0,47;854;"#E75737"
0-9 ans;tests positifs / réalisés;04-07-2021;0,57;786;"#E75737"
0-9 ans;tests positifs / réalisés;11-07-2021;1,09;1017;"#ffffff"
0-9 ans;tests positifs / réalisés;18-07-2021;2,42;1857;"#3498db"
10-19 ans;tests positifs / réalisés;17-05-2020;1,82;128;"#f1c40f"
10-19 ans;tests positifs / réalisés;24-05-2020;1,96;252;"#f1c40f"
10-19 ans;tests positifs / réalisés;31-05-2020;1,67;281;"#f1c40f"
10-19 ans;tests positifs / réalisés;07-06-2020;1,41;194;"#f1c40f"
10-19 ans;tests positifs / réalisés;14-06-2020;1,76;268;"#F0B813"
10-19 ans;tests positifs / réalisés;21-06-2020;2,09;337;"#F0B813"
10-19 ans;tests positifs / réalisés;28-06-2020;1,77;370;"#F0B813"
10-19 ans;tests positifs / réalisés;05-07-2020;1,27;386;"#F0B813"
10-19 ans;tests positifs / réalisés;12-07-2020;1,31;444;"#F0B813"
10-19 ans;tests positifs / réalisés;19-07-2020;1,29;485;"#F0B813"
10-19 ans;tests positifs / réalisés;26-07-2020;1,56;717;"#EEA918"
10-19 ans;tests positifs / réalisés;02-08-2020;1,73;966;"#EEA918"
10-19 ans;tests positifs / réalisés;09-08-2020;2,19;1254;"#EEA918"
10-19 ans;tests positifs / réalisés;16-08-2020;3,07;1888;"#EEA918"
10-19 ans;tests positifs / réalisés;23-08-2020;3,63;3053;"#EEA918"
10-19 ans;tests positifs / réalisés;30-08-2020;4,51;4611;"#EEA918"
10-19 ans;tests positifs / réalisés;06-09-2020;6,58;6767;"#EEA918"
10-19 ans;tests positifs / réalisés;13-09-2020;5,49;8962;"#ED9D1D"
10-19 ans;tests positifs / réalisés;20-09-2020;5,2;11459;"#ED9D1D"
10-19 ans;tests positifs / réalisés;27-09-2020;5,94;10725;"#ED9D1D"
10-19 ans;tests positifs / réalisés;04-10-2020;6,89;10836;"#ED9D1D"
10-19 ans;tests positifs / réalisés;11-10-2020;8,6;15718;"#ED9D1D"
10-19 ans;tests positifs / réalisés;18-10-2020;8,97;21525;"#ED9D1D"
10-19 ans;tests positifs / réalisés;25-10-2020;12,57;27287;"#EC9221"
10-19 ans;tests positifs / réalisés;01-11-2020;16,51;35292;"#EC9221"
10-19 ans;tests positifs / réalisés;08-11-2020;15,3;36378;"#EC9221"
10-19 ans;tests positifs / réalisés;15-11-2020;10,45;21657;"#EC9221"
10-19 ans;tests positifs / réalisés;22-11-2020;8,43;14598;"#EC9221"
10-19 ans;tests positifs / réalisés;29-11-2020;7,23;9597;"#EC9221"
10-19 ans;tests positifs / réalisés;06-12-2020;7,34;8294;"#EB8626"
10-19 ans;tests positifs / réalisés;13-12-2020;7,09;9156;"#EB8626"
10-19 ans;tests positifs / réalisés;20-12-2020;4,1;11381;"#EB8626"
10-19 ans;tests positifs / réalisés;27-12-2020;2,7;8521;"#EB8626"
10-19 ans;tests positifs / réalisés;03-01-2021;5,77;10198;"#EB8626"
10-19 ans;tests positifs / réalisés;10-01-2021;8,13;14807;"#EB8626"
10-19 ans;tests positifs / réalisés;17-01-2021;7,1;15176;"#EB8626"
10-19 ans;tests positifs / réalisés;24-01-2021;7,19;17547;"#EA7A2A"
10-19 ans;tests positifs / réalisés;31-01-2021;6,4;17894;"#EA7A2A"
10-19 ans;tests positifs / réalisés;07-02-2021;5,76;17626;"#EA7A2A"
10-19 ans;tests positifs / réalisés;14-02-2021;5,02;15490;"#EA7A2A"
10-19 ans;tests positifs / réalisés;21-02-2021;5,67;16331;"#EA7A2A"
10-19 ans;tests positifs / réalisés;28-02-2021;7,62;17435;"#EA7A2A"
10-19 ans;tests positifs / réalisés;07-03-2021;7,66;18323;"#E96F2E"
10-19 ans;tests positifs / réalisés;14-03-2021;6,87;22273;"#E96F2E"
10-19 ans;tests positifs / réalisés;21-03-2021;6,86;29423;"#E96F2E"
10-19 ans;tests positifs / réalisés;28-03-2021;7,12;38458;"#E96F2E"
10-19 ans;tests positifs / réalisés;04-04-2021;6,14;40672;"#E96F2E"
10-19 ans;tests positifs / réalisés;11-04-2021;9,24;28965;"#E96F2E"
10-19 ans;tests positifs / réalisés;18-04-2021;11,26;27710;"#E96F2E"
10-19 ans;tests positifs / réalisés;25-04-2021;11,4;24270;"#E86333"
10-19 ans;tests positifs / réalisés;02-05-2021;8,13;19144;"#E86333"
10-19 ans;tests positifs / réalisés;09-05-2021;4,88;16854;"#E86333"
10-19 ans;tests positifs / réalisés;16-05-2021;3,52;13954;"#E86333"
10-19 ans;tests positifs / réalisés;23-05-2021;3,2;15494;"#E86333"
10-19 ans;tests positifs / réalisés;30-05-2021;2,83;12014;"#E86333"
10-19 ans;tests positifs / réalisés;06-06-2021;2,23;9079;"#E75737"
10-19 ans;tests positifs / réalisés;13-06-2021;1,59;5274;"#E75737"
10-19 ans;tests positifs / réalisés;20-06-2021;1,05;2892;"#E75737"
10-19 ans;tests positifs / réalisés;27-06-2021;0,93;2147;"#E75737"
10-19 ans;tests positifs / réalisés;04-07-2021;0,96;2945;"#E75737"
10-19 ans;tests positifs / réalisés;11-07-2021;1,23;5217;"#ffffff"
10-19 ans;tests positifs / réalisés;18-07-2021;2,71;11354;"#3498db"
20-29 ans;tests positifs / réalisés;17-05-2020;2,22;404;"#f1c40f"
20-29 ans;tests positifs / réalisés;24-05-2020;1,8;533;"#f1c40f"
20-29 ans;tests positifs / réalisés;31-05-2020;1,72;579;"#f1c40f"
20-29 ans;tests positifs / réalisés;07-06-2020;1,64;428;"#f1c40f"
20-29 ans;tests positifs / réalisés;14-06-2020;1,78;504;"#F0B813"
20-29 ans;tests positifs / réalisés;21-06-2020;2,02;549;"#F0B813"
20-29 ans;tests positifs / réalisés;28-06-2020;2,04;639;"#F0B813"
20-29 ans;tests positifs / réalisés;05-07-2020;1,69;662;"#F0B813"
20-29 ans;tests positifs / réalisés;12-07-2020;1,51;729;"#F0B813"
20-29 ans;tests positifs / réalisés;19-07-2020;1,43;826;"#F0B813"
20-29 ans;tests positifs / réalisés;26-07-2020;1,85;1467;"#EEA918"
20-29 ans;tests positifs / réalisés;02-08-2020;2,34;2303;"#EEA918"
20-29 ans;tests positifs / réalisés;09-08-2020;3,1;3381;"#EEA918"
20-29 ans;tests positifs / réalisés;16-08-2020;4,28;5181;"#EEA918"
20-29 ans;tests positifs / réalisés;23-08-2020;5,41;9409;"#EEA918"
20-29 ans;tests positifs / réalisés;30-08-2020;6,15;13070;"#EEA918"
20-29 ans;tests positifs / réalisés;06-09-2020;6,79;15767;"#EEA918"
20-29 ans;tests positifs / réalisés;13-09-2020;7,14;17168;"#ED9D1D"
20-29 ans;tests positifs / réalisés;20-09-2020;8,05;19515;"#ED9D1D"
20-29 ans;tests positifs / réalisés;27-09-2020;8,66;19240;"#ED9D1D"
20-29 ans;tests positifs / réalisés;04-10-2020;9,2;19432;"#ED9D1D"
20-29 ans;tests positifs / réalisés;11-10-2020;11,23;26454;"#ED9D1D"
20-29 ans;tests positifs / réalisés;18-10-2020;11,74;33252;"#ED9D1D"
20-29 ans;tests positifs / réalisés;25-10-2020;14,23;49961;"#EC9221"
20-29 ans;tests positifs / réalisés;01-11-2020;14,53;54539;"#EC9221"
20-29 ans;tests positifs / réalisés;08-11-2020;13,29;42004;"#EC9221"
20-29 ans;tests positifs / réalisés;15-11-2020;10,28;21991;"#EC9221"
20-29 ans;tests positifs / réalisés;22-11-2020;7,8;14336;"#EC9221"
20-29 ans;tests positifs / réalisés;29-11-2020;6,14;9919;"#EC9221"
20-29 ans;tests positifs / réalisés;06-12-2020;6,19;9927;"#EB8626"
20-29 ans;tests positifs / réalisés;13-12-2020;5,92;11355;"#EB8626"
20-29 ans;tests positifs / réalisés;20-12-2020;4;14001;"#EB8626"
20-29 ans;tests positifs / réalisés;27-12-2020;2,54;12437;"#EB8626"
20-29 ans;tests positifs / réalisés;03-01-2021;4,21;14811;"#EB8626"
20-29 ans;tests positifs / réalisés;10-01-2021;5,85;20132;"#EB8626"
20-29 ans;tests positifs / réalisés;17-01-2021;5,89;17517;"#EB8626"
20-29 ans;tests positifs / réalisés;24-01-2021;6,13;18299;"#EA7A2A"
20-29 ans;tests positifs / réalisés;31-01-2021;5,51;18390;"#EA7A2A"
20-29 ans;tests positifs / réalisés;07-02-2021;5,54;18214;"#EA7A2A"
20-29 ans;tests positifs / réalisés;14-02-2021;5,21;16274;"#EA7A2A"
20-29 ans;tests positifs / réalisés;21-02-2021;5,86;18574;"#EA7A2A"
20-29 ans;tests positifs / réalisés;28-02-2021;6,06;20168;"#EA7A2A"
20-29 ans;tests positifs / réalisés;07-03-2021;6,19;20667;"#E96F2E"
20-29 ans;tests positifs / réalisés;14-03-2021;6,84;24033;"#E96F2E"
20-29 ans;tests positifs / réalisés;21-03-2021;7,5;29736;"#E96F2E"
20-29 ans;tests positifs / réalisés;28-03-2021;7,61;34222;"#E96F2E"
20-29 ans;tests positifs / réalisés;04-04-2021;7,05;37283;"#E96F2E"
20-29 ans;tests positifs / réalisés;11-04-2021;8,28;34184;"#E96F2E"
20-29 ans;tests positifs / réalisés;18-04-2021;8,45;34015;"#E96F2E"
20-29 ans;tests positifs / réalisés;25-04-2021;8,57;31379;"#E86333"
20-29 ans;tests positifs / réalisés;02-05-2021;6,95;22657;"#E86333"
20-29 ans;tests positifs / réalisés;09-05-2021;5,47;18227;"#E86333"
20-29 ans;tests positifs / réalisés;16-05-2021;4,29;14530;"#E86333"
20-29 ans;tests positifs / réalisés;23-05-2021;4,03;13960;"#E86333"
20-29 ans;tests positifs / réalisés;30-05-2021;3,73;10830;"#E86333"
20-29 ans;tests positifs / réalisés;06-06-2021;2,77;8134;"#E75737"
20-29 ans;tests positifs / réalisés;13-06-2021;1,69;4908;"#E75737"
20-29 ans;tests positifs / réalisés;20-06-2021;1,05;3073;"#E75737"
20-29 ans;tests positifs / réalisés;27-06-2021;0,95;2689;"#E75737"
20-29 ans;tests positifs / réalisés;04-07-2021;1,37;4862;"#E75737"
20-29 ans;tests positifs / réalisés;11-07-2021;1,82;8593;"#ffffff"
20-29 ans;tests positifs / réalisés;18-07-2021;3,57;20281;"#3498db"
30-39 ans;tests positifs / réalisés;17-05-2020;1,8;389;"#f1c40f"
30-39 ans;tests positifs / réalisés;24-05-2020;1,5;505;"#f1c40f"
30-39 ans;tests positifs / réalisés;31-05-2020;1,36;496;"#f1c40f"
30-39 ans;tests positifs / réalisés;07-06-2020;1,66;458;"#f1c40f"
30-39 ans;tests positifs / réalisés;14-06-2020;1,73;529;"#F0B813"
30-39 ans;tests positifs / réalisés;21-06-2020;2,2;657;"#F0B813"
30-39 ans;tests positifs / réalisés;28-06-2020;1,9;647;"#F0B813"
30-39 ans;tests positifs / réalisés;05-07-2020;1,51;685;"#F0B813"
30-39 ans;tests positifs / réalisés;12-07-2020;1,13;679;"#F0B813"
30-39 ans;tests positifs / réalisés;19-07-2020;1,27;829;"#F0B813"
30-39 ans;tests positifs / réalisés;26-07-2020;1,44;1179;"#EEA918"
30-39 ans;tests positifs / réalisés;02-08-2020;1,6;1528;"#EEA918"
30-39 ans;tests positifs / réalisés;09-08-2020;2,25;2229;"#EEA918"
30-39 ans;tests positifs / réalisés;16-08-2020;3,02;3058;"#EEA918"
30-39 ans;tests positifs / réalisés;23-08-2020;3,7;5019;"#EEA918"
30-39 ans;tests positifs / réalisés;30-08-2020;4,15;7037;"#EEA918"
30-39 ans;tests positifs / réalisés;06-09-2020;4,78;9045;"#EEA918"
30-39 ans;tests positifs / réalisés;13-09-2020;4,45;10030;"#ED9D1D"
30-39 ans;tests positifs / réalisés;20-09-2020;5,28;11565;"#ED9D1D"
30-39 ans;tests positifs / réalisés;27-09-2020;6,54;11466;"#ED9D1D"
30-39 ans;tests positifs / réalisés;04-10-2020;7,66;12619;"#ED9D1D"
30-39 ans;tests positifs / réalisés;11-10-2020;10,3;20127;"#ED9D1D"
30-39 ans;tests positifs / réalisés;18-10-2020;11,22;28396;"#ED9D1D"
30-39 ans;tests positifs / réalisés;25-10-2020;14,57;45282;"#EC9221"
30-39 ans;tests positifs / réalisés;01-11-2020;15,27;53117;"#EC9221"
30-39 ans;tests positifs / réalisés;08-11-2020;13,46;42706;"#EC9221"
30-39 ans;tests positifs / réalisés;15-11-2020;10,01;22648;"#EC9221"
30-39 ans;tests positifs / réalisés;22-11-2020;7,59;15089;"#EC9221"
30-39 ans;tests positifs / réalisés;29-11-2020;6,03;10555;"#EC9221"
30-39 ans;tests positifs / réalisés;06-12-2020;5,98;10234;"#EB8626"
30-39 ans;tests positifs / réalisés;13-12-2020;5,7;11702;"#EB8626"
30-39 ans;tests positifs / réalisés;20-12-2020;3,95;14889;"#EB8626"
30-39 ans;tests positifs / réalisés;27-12-2020;2,46;12499;"#EB8626"
30-39 ans;tests positifs / réalisés;03-01-2021;5,02;14520;"#EB8626"
30-39 ans;tests positifs / réalisés;10-01-2021;5,86;18141;"#EB8626"
30-39 ans;tests positifs / réalisés;17-01-2021;5,88;17701;"#EB8626"
30-39 ans;tests positifs / réalisés;24-01-2021;6,01;19179;"#EA7A2A"
30-39 ans;tests positifs / réalisés;31-01-2021;5,57;19665;"#EA7A2A"
30-39 ans;tests positifs / réalisés;07-02-2021;5,39;19047;"#EA7A2A"
30-39 ans;tests positifs / réalisés;14-02-2021;5,07;17223;"#EA7A2A"
30-39 ans;tests positifs / réalisés;21-02-2021;5,73;19295;"#EA7A2A"
30-39 ans;tests positifs / réalisés;28-02-2021;6,17;20292;"#EA7A2A"
30-39 ans;tests positifs / réalisés;07-03-2021;6,28;20007;"#E96F2E"
30-39 ans;tests positifs / réalisés;14-03-2021;6,71;23265;"#E96F2E"
30-39 ans;tests positifs / réalisés;21-03-2021;7,49;30495;"#E96F2E"
30-39 ans;tests positifs / réalisés;28-03-2021;7,61;36750;"#E96F2E"
30-39 ans;tests positifs / réalisés;04-04-2021;6,8;38285;"#E96F2E"
30-39 ans;tests positifs / réalisés;11-04-2021;8,09;33651;"#E96F2E"
30-39 ans;tests positifs / réalisés;18-04-2021;8,65;33009;"#E96F2E"
30-39 ans;tests positifs / réalisés;25-04-2021;8,83;28979;"#E86333"
30-39 ans;tests positifs / réalisés;02-05-2021;7,1;21091;"#E86333"
30-39 ans;tests positifs / réalisés;09-05-2021;5,65;17868;"#E86333"
30-39 ans;tests positifs / réalisés;16-05-2021;4,61;14986;"#E86333"
30-39 ans;tests positifs / réalisés;23-05-2021;4,27;14395;"#E86333"
30-39 ans;tests positifs / réalisés;30-05-2021;3,79;10272;"#E86333"
30-39 ans;tests positifs / réalisés;06-06-2021;2,77;7469;"#E75737"
30-39 ans;tests positifs / réalisés;13-06-2021;1,68;4470;"#E75737"
30-39 ans;tests positifs / réalisés;20-06-2021;1,05;2765;"#E75737"
30-39 ans;tests positifs / réalisés;27-06-2021;0,84;2155;"#E75737"
30-39 ans;tests positifs / réalisés;04-07-2021;0,96;2860;"#E75737"
30-39 ans;tests positifs / réalisés;11-07-2021;1,32;4750;"#ffffff"
30-39 ans;tests positifs / réalisés;18-07-2021;2,67;10187;"#3498db"
40-49 ans;tests positifs / réalisés;17-05-2020;1,8;387;"#f1c40f"
40-49 ans;tests positifs / réalisés;24-05-2020;1,73;567;"#f1c40f"
40-49 ans;tests positifs / réalisés;31-05-2020;1,52;539;"#f1c40f"
40-49 ans;tests positifs / réalisés;07-06-2020;1,57;422;"#f1c40f"
40-49 ans;tests positifs / réalisés;14-06-2020;1,55;465;"#F0B813"
40-49 ans;tests positifs / réalisés;21-06-2020;1,82;527;"#F0B813"
40-49 ans;tests positifs / réalisés;28-06-2020;1,67;535;"#F0B813"
40-49 ans;tests positifs / réalisés;05-07-2020;1,38;565;"#F0B813"
40-49 ans;tests positifs / réalisés;12-07-2020;1,22;599;"#F0B813"
40-49 ans;tests positifs / réalisés;19-07-2020;1,24;649;"#F0B813"
40-49 ans;tests positifs / réalisés;26-07-2020;1,34;901;"#EEA918"
40-49 ans;tests positifs / réalisés;02-08-2020;1,26;1018;"#EEA918"
40-49 ans;tests positifs / réalisés;09-08-2020;1,8;1506;"#EEA918"
40-49 ans;tests positifs / réalisés;16-08-2020;2,65;2239;"#EEA918"
40-49 ans;tests positifs / réalisés;23-08-2020;2,96;3446;"#EEA918"
40-49 ans;tests positifs / réalisés;30-08-2020;3,2;4732;"#EEA918"
40-49 ans;tests positifs / réalisés;06-09-2020;4,06;6517;"#EEA918"
40-49 ans;tests positifs / réalisés;13-09-2020;4,69;8432;"#ED9D1D"
40-49 ans;tests positifs / réalisés;20-09-2020;5,42;9915;"#ED9D1D"
40-49 ans;tests positifs / réalisés;27-09-2020;6,32;9742;"#ED9D1D"
40-49 ans;tests positifs / réalisés;04-10-2020;7,87;11361;"#ED9D1D"
40-49 ans;tests positifs / réalisés;11-10-2020;10,7;18558;"#ED9D1D"
40-49 ans;tests positifs / réalisés;18-10-2020;11,59;27064;"#ED9D1D"
40-49 ans;tests positifs / réalisés;25-10-2020;15,28;43452;"#EC9221"
40-49 ans;tests positifs / réalisés;01-11-2020;16,55;52626;"#EC9221"
40-49 ans;tests positifs / réalisés;08-11-2020;14,25;43607;"#EC9221"
40-49 ans;tests positifs / réalisés;15-11-2020;10,57;23951;"#EC9221"
40-49 ans;tests positifs / réalisés;22-11-2020;8,27;16082;"#EC9221"
40-49 ans;tests positifs / réalisés;29-11-2020;6,65;11054;"#EC9221"
40-49 ans;tests positifs / réalisés;06-12-2020;6,43;10246;"#EB8626"
40-49 ans;tests positifs / réalisés;13-12-2020;6,24;11444;"#EB8626"
40-49 ans;tests positifs / réalisés;20-12-2020;4,1;14159;"#EB8626"
40-49 ans;tests positifs / réalisés;27-12-2020;2,51;11911;"#EB8626"
40-49 ans;tests positifs / réalisés;03-01-2021;5,48;13166;"#EB8626"
40-49 ans;tests positifs / réalisés;10-01-2021;6,02;16677;"#EB8626"
40-49 ans;tests positifs / réalisés;17-01-2021;6,25;17369;"#EB8626"
40-49 ans;tests positifs / réalisés;24-01-2021;6,8;19582;"#EA7A2A"
40-49 ans;tests positifs / réalisés;31-01-2021;6,36;19667;"#EA7A2A"
40-49 ans;tests positifs / réalisés;07-02-2021;6,11;19386;"#EA7A2A"
40-49 ans;tests positifs / réalisés;14-02-2021;5,36;16774;"#EA7A2A"
40-49 ans;tests positifs / réalisés;21-02-2021;6,07;19052;"#EA7A2A"
40-49 ans;tests positifs / réalisés;28-02-2021;6,72;20000;"#EA7A2A"
40-49 ans;tests positifs / réalisés;07-03-2021;6,77;19292;"#E96F2E"
40-49 ans;tests positifs / réalisés;14-03-2021;7,25;22705;"#E96F2E"
40-49 ans;tests positifs / réalisés;21-03-2021;7,94;29060;"#E96F2E"
40-49 ans;tests positifs / réalisés;28-03-2021;8,33;36275;"#E96F2E"
40-49 ans;tests positifs / réalisés;04-04-2021;7,6;38837;"#E96F2E"
40-49 ans;tests positifs / réalisés;11-04-2021;8,95;34110;"#E96F2E"
40-49 ans;tests positifs / réalisés;18-04-2021;9,21;32449;"#E96F2E"
40-49 ans;tests positifs / réalisés;25-04-2021;9,32;28011;"#E86333"
40-49 ans;tests positifs / réalisés;02-05-2021;7,45;19947;"#E86333"
40-49 ans;tests positifs / réalisés;09-05-2021;5,95;16377;"#E86333"
40-49 ans;tests positifs / réalisés;16-05-2021;4,85;13496;"#E86333"
40-49 ans;tests positifs / réalisés;23-05-2021;4,51;12735;"#E86333"
40-49 ans;tests positifs / réalisés;30-05-2021;4,14;9360;"#E86333"
40-49 ans;tests positifs / réalisés;06-06-2021;3,03;6863;"#E75737"
40-49 ans;tests positifs / réalisés;13-06-2021;1,84;4073;"#E75737"
40-49 ans;tests positifs / réalisés;20-06-2021;1,13;2417;"#E75737"
40-49 ans;tests positifs / réalisés;27-06-2021;0,84;1765;"#E75737"
40-49 ans;tests positifs / réalisés;04-07-2021;0,81;2057;"#E75737"
40-49 ans;tests positifs / réalisés;11-07-2021;1,01;3064;"#ffffff"
40-49 ans;tests positifs / réalisés;18-07-2021;2,08;6259;"#3498db"
50-59 ans;tests positifs / réalisés;17-05-2020;1,87;414;"#f1c40f"
50-59 ans;tests positifs / réalisés;24-05-2020;1,61;553;"#f1c40f"
50-59 ans;tests positifs / réalisés;31-05-2020;1,2;448;"#f1c40f"
50-59 ans;tests positifs / réalisés;07-06-2020;1,31;381;"#f1c40f"
50-59 ans;tests positifs / réalisés;14-06-2020;1,26;406;"#F0B813"
50-59 ans;tests positifs / réalisés;21-06-2020;1,36;425;"#F0B813"
50-59 ans;tests positifs / réalisés;28-06-2020;1,31;437;"#F0B813"
50-59 ans;tests positifs / réalisés;05-07-2020;1,16;455;"#F0B813"
50-59 ans;tests positifs / réalisés;12-07-2020;1,1;497;"#F0B813"
50-59 ans;tests positifs / réalisés;19-07-2020;1,2;574;"#F0B813"
50-59 ans;tests positifs / réalisés;26-07-2020;1,22;774;"#EEA918"
50-59 ans;tests positifs / réalisés;02-08-2020;1,27;961;"#EEA918"
50-59 ans;tests positifs / réalisés;09-08-2020;1,51;1181;"#EEA918"
50-59 ans;tests positifs / réalisés;16-08-2020;2,31;1832;"#EEA918"
50-59 ans;tests positifs / réalisés;23-08-2020;2,61;2854;"#EEA918"
50-59 ans;tests positifs / réalisés;30-08-2020;2,83;3972;"#EEA918"
50-59 ans;tests positifs / réalisés;06-09-2020;3,68;5532;"#EEA918"
50-59 ans;tests positifs / réalisés;13-09-2020;4,83;7400;"#ED9D1D"
50-59 ans;tests positifs / réalisés;20-09-2020;5,66;8583;"#ED9D1D"
50-59 ans;tests positifs / réalisés;27-09-2020;6,32;8864;"#ED9D1D"
50-59 ans;tests positifs / réalisés;04-10-2020;7,4;10065;"#ED9D1D"
50-59 ans;tests positifs / réalisés;11-10-2020;10,4;16533;"#ED9D1D"
50-59 ans;tests positifs / réalisés;18-10-2020;12,02;24301;"#ED9D1D"
50-59 ans;tests positifs / réalisés;25-10-2020;15,8;40346;"#EC9221"
50-59 ans;tests positifs / réalisés;01-11-2020;16,54;50256;"#EC9221"
50-59 ans;tests positifs / réalisés;08-11-2020;14,64;43340;"#EC9221"
50-59 ans;tests positifs / réalisés;15-11-2020;11,09;24367;"#EC9221"
50-59 ans;tests positifs / réalisés;22-11-2020;8,18;15396;"#EC9221"
50-59 ans;tests positifs / réalisés;29-11-2020;6,44;10604;"#EC9221"
50-59 ans;tests positifs / réalisés;06-12-2020;6,18;9817;"#EB8626"
50-59 ans;tests positifs / réalisés;13-12-2020;5,96;10857;"#EB8626"
50-59 ans;tests positifs / réalisés;20-12-2020;4,37;13637;"#EB8626"
50-59 ans;tests positifs / réalisés;27-12-2020;2,78;11658;"#EB8626"
50-59 ans;tests positifs / réalisés;03-01-2021;5,38;13019;"#EB8626"
50-59 ans;tests positifs / réalisés;10-01-2021;5,71;16172;"#EB8626"
50-59 ans;tests positifs / réalisés;17-01-2021;6,11;16793;"#EB8626"
50-59 ans;tests positifs / réalisés;24-01-2021;6,84;18493;"#EA7A2A"
50-59 ans;tests positifs / réalisés;31-01-2021;6,34;17995;"#EA7A2A"
50-59 ans;tests positifs / réalisés;07-02-2021;6,09;17587;"#EA7A2A"
50-59 ans;tests positifs / réalisés;14-02-2021;5,48;15058;"#EA7A2A"
50-59 ans;tests positifs / réalisés;21-02-2021;6,02;16657;"#EA7A2A"
50-59 ans;tests positifs / réalisés;28-02-2021;6,58;18397;"#EA7A2A"
50-59 ans;tests positifs / réalisés;07-03-2021;6,22;17376;"#E96F2E"
50-59 ans;tests positifs / réalisés;14-03-2021;6,74;20015;"#E96F2E"
50-59 ans;tests positifs / réalisés;21-03-2021;7,57;24890;"#E96F2E"
50-59 ans;tests positifs / réalisés;28-03-2021;7,9;29878;"#E96F2E"
50-59 ans;tests positifs / réalisés;04-04-2021;7,5;32230;"#E96F2E"
50-59 ans;tests positifs / réalisés;11-04-2021;8,53;28905;"#E96F2E"
50-59 ans;tests positifs / réalisés;18-04-2021;8,75;29007;"#E96F2E"
50-59 ans;tests positifs / réalisés;25-04-2021;8,55;25382;"#E86333"
50-59 ans;tests positifs / réalisés;02-05-2021;6,86;18328;"#E86333"
50-59 ans;tests positifs / réalisés;09-05-2021;5,16;14003;"#E86333"
50-59 ans;tests positifs / réalisés;16-05-2021;4,23;10974;"#E86333"
50-59 ans;tests positifs / réalisés;23-05-2021;3,52;9257;"#E86333"
50-59 ans;tests positifs / réalisés;30-05-2021;3,27;6788;"#E86333"
50-59 ans;tests positifs / réalisés;06-06-2021;2,35;5089;"#E75737"
50-59 ans;tests positifs / réalisés;13-06-2021;1,39;2949;"#E75737"
50-59 ans;tests positifs / réalisés;20-06-2021;0,86;1775;"#E75737"
50-59 ans;tests positifs / réalisés;27-06-2021;0,7;1359;"#E75737"
50-59 ans;tests positifs / réalisés;04-07-2021;0,74;1512;"#E75737"
50-59 ans;tests positifs / réalisés;11-07-2021;0,98;2239;"#ffffff"
50-59 ans;tests positifs / réalisés;18-07-2021;1,94;4323;"#3498db"
60-69 ans;tests positifs / réalisés;17-05-2020;1,76;303;"#f1c40f"
60-69 ans;tests positifs / réalisés;24-05-2020;1,47;410;"#f1c40f"
60-69 ans;tests positifs / réalisés;31-05-2020;1,11;349;"#f1c40f"
60-69 ans;tests positifs / réalisés;07-06-2020;1,07;286;"#f1c40f"
60-69 ans;tests positifs / réalisés;14-06-2020;0,93;281;"#F0B813"
60-69 ans;tests positifs / réalisés;21-06-2020;0,94;293;"#F0B813"
60-69 ans;tests positifs / réalisés;28-06-2020;0,83;268;"#F0B813"
60-69 ans;tests positifs / réalisés;05-07-2020;0,9;332;"#F0B813"
60-69 ans;tests positifs / réalisés;12-07-2020;0,84;351;"#F0B813"
60-69 ans;tests positifs / réalisés;19-07-2020;0,86;388;"#F0B813"
60-69 ans;tests positifs / réalisés;26-07-2020;0,98;554;"#EEA918"
60-69 ans;tests positifs / réalisés;02-08-2020;0,99;625;"#EEA918"
60-69 ans;tests positifs / réalisés;09-08-2020;1,22;782;"#EEA918"
60-69 ans;tests positifs / réalisés;16-08-2020;1,63;1035;"#EEA918"
60-69 ans;tests positifs / réalisés;23-08-2020;2,04;1675;"#EEA918"
60-69 ans;tests positifs / réalisés;30-08-2020;2,31;2290;"#EEA918"
60-69 ans;tests positifs / réalisés;06-09-2020;3,02;3318;"#EEA918"
60-69 ans;tests positifs / réalisés;13-09-2020;3,85;4185;"#ED9D1D"
60-69 ans;tests positifs / réalisés;20-09-2020;4,74;5119;"#ED9D1D"
60-69 ans;tests positifs / réalisés;27-09-2020;5,3;5396;"#ED9D1D"
60-69 ans;tests positifs / réalisés;04-10-2020;5,98;6091;"#ED9D1D"
60-69 ans;tests positifs / réalisés;11-10-2020;8,8;10277;"#ED9D1D"
60-69 ans;tests positifs / réalisés;18-10-2020;11,38;16126;"#ED9D1D"
60-69 ans;tests positifs / réalisés;25-10-2020;15,57;26844;"#EC9221"
60-69 ans;tests positifs / réalisés;01-11-2020;16,39;34892;"#EC9221"
60-69 ans;tests positifs / réalisés;08-11-2020;14,9;31242;"#EC9221"
60-69 ans;tests positifs / réalisés;15-11-2020;11,12;17282;"#EC9221"
60-69 ans;tests positifs / réalisés;22-11-2020;7,5;10300;"#EC9221"
60-69 ans;tests positifs / réalisés;29-11-2020;5,18;6624;"#EC9221"
60-69 ans;tests positifs / réalisés;06-12-2020;5,11;6523;"#EB8626"
60-69 ans;tests positifs / réalisés;13-12-2020;5;7361;"#EB8626"
60-69 ans;tests positifs / réalisés;20-12-2020;3,81;9577;"#EB8626"
60-69 ans;tests positifs / réalisés;27-12-2020;2,7;8204;"#EB8626"
60-69 ans;tests positifs / réalisés;03-01-2021;5,06;9841;"#EB8626"
60-69 ans;tests positifs / réalisés;10-01-2021;5,5;11958;"#EB8626"
60-69 ans;tests positifs / réalisés;17-01-2021;5,6;11722;"#EB8626"
60-69 ans;tests positifs / réalisés;24-01-2021;6,3;12808;"#EA7A2A"
60-69 ans;tests positifs / réalisés;31-01-2021;5,99;12859;"#EA7A2A"
60-69 ans;tests positifs / réalisés;07-02-2021;5,79;12708;"#EA7A2A"
60-69 ans;tests positifs / réalisés;14-02-2021;5,26;10888;"#EA7A2A"
60-69 ans;tests positifs / réalisés;21-02-2021;5,56;11493;"#EA7A2A"
60-69 ans;tests positifs / réalisés;28-02-2021;5,9;12777;"#EA7A2A"
60-69 ans;tests positifs / réalisés;07-03-2021;5,57;12327;"#E96F2E"
60-69 ans;tests positifs / réalisés;14-03-2021;5,96;13654;"#E96F2E"
60-69 ans;tests positifs / réalisés;21-03-2021;7,03;17086;"#E96F2E"
60-69 ans;tests positifs / réalisés;28-03-2021;7,23;19989;"#E96F2E"
60-69 ans;tests positifs / réalisés;04-04-2021;6,95;20362;"#E96F2E"
60-69 ans;tests positifs / réalisés;11-04-2021;7,63;17956;"#E96F2E"
60-69 ans;tests positifs / réalisés;18-04-2021;7,76;17965;"#E96F2E"
60-69 ans;tests positifs / réalisés;25-04-2021;7,64;15857;"#E86333"
60-69 ans;tests positifs / réalisés;02-05-2021;6,04;11298;"#E86333"
60-69 ans;tests positifs / réalisés;09-05-2021;4,23;8231;"#E86333"
60-69 ans;tests positifs / réalisés;16-05-2021;3,5;6320;"#E86333"
60-69 ans;tests positifs / réalisés;23-05-2021;2,7;5347;"#E86333"
60-69 ans;tests positifs / réalisés;30-05-2021;2,13;3628;"#E86333"
60-69 ans;tests positifs / réalisés;06-06-2021;1,54;2811;"#E75737"
60-69 ans;tests positifs / réalisés;13-06-2021;0,93;1632;"#E75737"
60-69 ans;tests positifs / réalisés;20-06-2021;0,64;1082;"#E75737"
60-69 ans;tests positifs / réalisés;27-06-2021;0,52;785;"#E75737"
60-69 ans;tests positifs / réalisés;04-07-2021;0,59;855;"#E75737"
60-69 ans;tests positifs / réalisés;11-07-2021;0,77;1108;"#ffffff"
60-69 ans;tests positifs / réalisés;18-07-2021;1,49;2005;"#3498db"
70-79 ans;tests positifs / réalisés;17-05-2020;2,18;313;"#f1c40f"
70-79 ans;tests positifs / réalisés;24-05-2020;1,79;433;"#f1c40f"
70-79 ans;tests positifs / réalisés;31-05-2020;1,02;281;"#f1c40f"
70-79 ans;tests positifs / réalisés;07-06-2020;0,95;231;"#f1c40f"
70-79 ans;tests positifs / réalisés;14-06-2020;0,83;226;"#F0B813"
70-79 ans;tests positifs / réalisés;21-06-2020;0,78;222;"#F0B813"
70-79 ans;tests positifs / réalisés;28-06-2020;0,67;195;"#F0B813"
70-79 ans;tests positifs / réalisés;05-07-2020;0,55;175;"#F0B813"
70-79 ans;tests positifs / réalisés;12-07-2020;0,62;208;"#F0B813"
70-79 ans;tests positifs / réalisés;19-07-2020;0,76;270;"#F0B813"
70-79 ans;tests positifs / réalisés;26-07-2020;0,84;377;"#EEA918"
70-79 ans;tests positifs / réalisés;02-08-2020;0,72;351;"#EEA918"
70-79 ans;tests positifs / réalisés;09-08-2020;1,05;511;"#EEA918"
70-79 ans;tests positifs / réalisés;16-08-2020;1,36;634;"#EEA918"
70-79 ans;tests positifs / réalisés;23-08-2020;1,32;764;"#EEA918"
70-79 ans;tests positifs / réalisés;30-08-2020;1,73;1179;"#EEA918"
70-79 ans;tests positifs / réalisés;06-09-2020;2,19;1624;"#EEA918"
70-79 ans;tests positifs / réalisés;13-09-2020;3,12;2304;"#ED9D1D"
70-79 ans;tests positifs / réalisés;20-09-2020;3,82;2824;"#ED9D1D"
70-79 ans;tests positifs / réalisés;27-09-2020;4,27;3071;"#ED9D1D"
70-79 ans;tests positifs / réalisés;04-10-2020;5,01;3575;"#ED9D1D"
70-79 ans;tests positifs / réalisés;11-10-2020;7,24;5700;"#ED9D1D"
70-79 ans;tests positifs / réalisés;18-10-2020;10,04;9145;"#ED9D1D"
70-79 ans;tests positifs / réalisés;25-10-2020;14,8;16164;"#EC9221"
70-79 ans;tests positifs / réalisés;01-11-2020;16,08;21692;"#EC9221"
70-79 ans;tests positifs / réalisés;08-11-2020;14,85;20647;"#EC9221"
70-79 ans;tests positifs / réalisés;15-11-2020;11,05;12495;"#EC9221"
70-79 ans;tests positifs / réalisés;22-11-2020;7,14;7553;"#EC9221"
70-79 ans;tests positifs / réalisés;29-11-2020;5,19;5193;"#EC9221"
70-79 ans;tests positifs / réalisés;06-12-2020;4,75;4745;"#EB8626"
70-79 ans;tests positifs / réalisés;13-12-2020;4,91;5424;"#EB8626"
70-79 ans;tests positifs / réalisés;20-12-2020;3,83;6791;"#EB8626"
70-79 ans;tests positifs / réalisés;27-12-2020;2,86;5664;"#EB8626"
70-79 ans;tests positifs / réalisés;03-01-2021;5,27;6715;"#EB8626"
70-79 ans;tests positifs / réalisés;10-01-2021;5,29;7972;"#EB8626"
70-79 ans;tests positifs / réalisés;17-01-2021;5,5;8189;"#EB8626"
70-79 ans;tests positifs / réalisés;24-01-2021;6,07;8680;"#EA7A2A"
70-79 ans;tests positifs / réalisés;31-01-2021;6,04;8910;"#EA7A2A"
70-79 ans;tests positifs / réalisés;07-02-2021;5,54;8288;"#EA7A2A"
70-79 ans;tests positifs / réalisés;14-02-2021;4,77;6657;"#EA7A2A"
70-79 ans;tests positifs / réalisés;21-02-2021;5,15;7160;"#EA7A2A"
70-79 ans;tests positifs / réalisés;28-02-2021;5,33;7722;"#EA7A2A"
70-79 ans;tests positifs / réalisés;07-03-2021;4,98;7300;"#E96F2E"
70-79 ans;tests positifs / réalisés;14-03-2021;5,3;7806;"#E96F2E"
70-79 ans;tests positifs / réalisés;21-03-2021;5,99;9099;"#E96F2E"
70-79 ans;tests positifs / réalisés;28-03-2021;6,26;10386;"#E96F2E"
70-79 ans;tests positifs / réalisés;04-04-2021;6,37;10974;"#E96F2E"
70-79 ans;tests positifs / réalisés;11-04-2021;6,53;9599;"#E96F2E"
70-79 ans;tests positifs / réalisés;18-04-2021;6,58;9550;"#E96F2E"
70-79 ans;tests positifs / réalisés;25-04-2021;6,28;8254;"#E86333"
70-79 ans;tests positifs / réalisés;02-05-2021;4,69;5807;"#E86333"
70-79 ans;tests positifs / réalisés;09-05-2021;3,2;4079;"#E86333"
70-79 ans;tests positifs / réalisés;16-05-2021;2,52;2867;"#E86333"
70-79 ans;tests positifs / réalisés;23-05-2021;1,95;2508;"#E86333"
70-79 ans;tests positifs / réalisés;30-05-2021;1,45;1716;"#E86333"
70-79 ans;tests positifs / réalisés;06-06-2021;1,05;1348;"#E75737"
70-79 ans;tests positifs / réalisés;13-06-2021;0,7;828;"#E75737"
70-79 ans;tests positifs / réalisés;20-06-2021;0,44;514;"#E75737"
70-79 ans;tests positifs / réalisés;27-06-2021;0,42;455;"#E75737"
70-79 ans;tests positifs / réalisés;04-07-2021;0,41;409;"#E75737"
70-79 ans;tests positifs / réalisés;11-07-2021;0,6;569;"#ffffff"
70-79 ans;tests positifs / réalisés;18-07-2021;1,1;942;"#3498db"
80-89 ans;tests positifs / réalisés;17-05-2020;3,56;512;"#f1c40f"
80-89 ans;tests positifs / réalisés;24-05-2020;2,9;663;"#f1c40f"
80-89 ans;tests positifs / réalisés;31-05-2020;1,71;434;"#f1c40f"
80-89 ans;tests positifs / réalisés;07-06-2020;1,56;328;"#f1c40f"
80-89 ans;tests positifs / réalisés;14-06-2020;1,02;225;"#F0B813"
80-89 ans;tests positifs / réalisés;21-06-2020;0,86;195;"#F0B813"
80-89 ans;tests positifs / réalisés;28-06-2020;0,68;157;"#F0B813"
80-89 ans;tests positifs / réalisés;05-07-2020;0,65;159;"#F0B813"
80-89 ans;tests positifs / réalisés;12-07-2020;0,49;119;"#F0B813"
80-89 ans;tests positifs / réalisés;19-07-2020;0,52;125;"#F0B813"
80-89 ans;tests positifs / réalisés;26-07-2020;0,59;178;"#EEA918"
80-89 ans;tests positifs / réalisés;02-08-2020;0,67;215;"#EEA918"
80-89 ans;tests positifs / réalisés;09-08-2020;0,96;302;"#EEA918"
80-89 ans;tests positifs / réalisés;16-08-2020;1,1;354;"#EEA918"
80-89 ans;tests positifs / réalisés;23-08-2020;1,13;431;"#EEA918"
80-89 ans;tests positifs / réalisés;30-08-2020;1,4;614;"#EEA918"
80-89 ans;tests positifs / réalisés;06-09-2020;2,1;976;"#EEA918"
80-89 ans;tests positifs / réalisés;13-09-2020;2,84;1435;"#ED9D1D"
80-89 ans;tests positifs / réalisés;20-09-2020;3,54;1841;"#ED9D1D"
80-89 ans;tests positifs / réalisés;27-09-2020;3,67;1878;"#ED9D1D"
80-89 ans;tests positifs / réalisés;04-10-2020;4,03;2095;"#ED9D1D"
80-89 ans;tests positifs / réalisés;11-10-2020;6,32;3602;"#ED9D1D"
80-89 ans;tests positifs / réalisés;18-10-2020;8,92;6076;"#ED9D1D"
80-89 ans;tests positifs / réalisés;25-10-2020;13,44;11709;"#EC9221"
80-89 ans;tests positifs / réalisés;01-11-2020;14,12;15022;"#EC9221"
80-89 ans;tests positifs / réalisés;08-11-2020;12,74;15025;"#EC9221"
80-89 ans;tests positifs / réalisés;15-11-2020;10,86;11537;"#EC9221"
80-89 ans;tests positifs / réalisés;22-11-2020;8,25;8106;"#EC9221"
80-89 ans;tests positifs / réalisés;29-11-2020;6,81;6077;"#EC9221"
80-89 ans;tests positifs / réalisés;06-12-2020;6,76;5867;"#EB8626"
80-89 ans;tests positifs / réalisés;13-12-2020;6,58;5882;"#EB8626"
80-89 ans;tests positifs / réalisés;20-12-2020;5,92;6529;"#EB8626"
80-89 ans;tests positifs / réalisés;27-12-2020;5,1;5458;"#EB8626"
80-89 ans;tests positifs / réalisés;03-01-2021;6,25;5605;"#EB8626"
80-89 ans;tests positifs / réalisés;10-01-2021;6,12;6832;"#EB8626"
80-89 ans;tests positifs / réalisés;17-01-2021;6,88;7529;"#EB8626"
80-89 ans;tests positifs / réalisés;24-01-2021;7,32;7800;"#EA7A2A"
80-89 ans;tests positifs / réalisés;31-01-2021;7,31;7993;"#EA7A2A"
80-89 ans;tests positifs / réalisés;07-02-2021;6,48;7117;"#EA7A2A"
80-89 ans;tests positifs / réalisés;14-02-2021;5,47;5577;"#EA7A2A"
80-89 ans;tests positifs / réalisés;21-02-2021;5,39;5342;"#EA7A2A"
80-89 ans;tests positifs / réalisés;28-02-2021;5,13;4941;"#EA7A2A"
80-89 ans;tests positifs / réalisés;07-03-2021;4,61;4310;"#E96F2E"
80-89 ans;tests positifs / réalisés;14-03-2021;4,86;4455;"#E96F2E"
80-89 ans;tests positifs / réalisés;21-03-2021;5,56;5053;"#E96F2E"
80-89 ans;tests positifs / réalisés;28-03-2021;5,81;5667;"#E96F2E"
80-89 ans;tests positifs / réalisés;04-04-2021;5,93;5971;"#E96F2E"
80-89 ans;tests positifs / réalisés;11-04-2021;5,66;5195;"#E96F2E"
80-89 ans;tests positifs / réalisés;18-04-2021;5,54;5165;"#E96F2E"
80-89 ans;tests positifs / réalisés;25-04-2021;5,02;4513;"#E86333"
80-89 ans;tests positifs / réalisés;02-05-2021;3,97;3358;"#E86333"
80-89 ans;tests positifs / réalisés;09-05-2021;3;2430;"#E86333"
80-89 ans;tests positifs / réalisés;16-05-2021;2,43;1689;"#E86333"
80-89 ans;tests positifs / réalisés;23-05-2021;1,72;1249;"#E86333"
80-89 ans;tests positifs / réalisés;30-05-2021;1,41;954;"#E86333"
80-89 ans;tests positifs / réalisés;06-06-2021;1,08;762;"#E75737"
80-89 ans;tests positifs / réalisés;13-06-2021;0,72;472;"#E75737"
80-89 ans;tests positifs / réalisés;20-06-2021;0,48;305;"#E75737"
80-89 ans;tests positifs / réalisés;27-06-2021;0,42;249;"#E75737"
80-89 ans;tests positifs / réalisés;04-07-2021;0,4;225;"#E75737"
80-89 ans;tests positifs / réalisés;11-07-2021;0,49;268;"#ffffff"
80-89 ans;tests positifs / réalisés;18-07-2021;0,94;472;"#3498db"
>=90 ans;tests positifs / réalisés;17-05-2020;4,41;399;"#f1c40f"
>=90 ans;tests positifs / réalisés;24-05-2020;4,15;544;"#f1c40f"
>=90 ans;tests positifs / réalisés;31-05-2020;2,79;372;"#f1c40f"
>=90 ans;tests positifs / réalisés;07-06-2020;2,4;257;"#f1c40f"
>=90 ans;tests positifs / réalisés;14-06-2020;1,54;157;"#F0B813"
>=90 ans;tests positifs / réalisés;21-06-2020;1;100;"#F0B813"
>=90 ans;tests positifs / réalisés;28-06-2020;0,82;85;"#F0B813"
>=90 ans;tests positifs / réalisés;05-07-2020;0,79;88;"#F0B813"
>=90 ans;tests positifs / réalisés;12-07-2020;0,56;60;"#F0B813"
>=90 ans;tests positifs / réalisés;19-07-2020;0,57;57;"#F0B813"
>=90 ans;tests positifs / réalisés;26-07-2020;0,64;83;"#EEA918"
>=90 ans;tests positifs / réalisés;02-08-2020;0,64;87;"#EEA918"
>=90 ans;tests positifs / réalisés;09-08-2020;0,91;125;"#EEA918"
>=90 ans;tests positifs / réalisés;16-08-2020;0,96;142;"#EEA918"
>=90 ans;tests positifs / réalisés;23-08-2020;1,03;181;"#EEA918"
>=90 ans;tests positifs / réalisés;30-08-2020;1,28;264;"#EEA918"
>=90 ans;tests positifs / réalisés;06-09-2020;2,03;433;"#EEA918"
>=90 ans;tests positifs / réalisés;13-09-2020;3,18;784;"#ED9D1D"
>=90 ans;tests positifs / réalisés;20-09-2020;3,49;929;"#ED9D1D"
>=90 ans;tests positifs / réalisés;27-09-2020;3,27;852;"#ED9D1D"
>=90 ans;tests positifs / réalisés;04-10-2020;3,93;1097;"#ED9D1D"
>=90 ans;tests positifs / réalisés;11-10-2020;5,81;1737;"#ED9D1D"
>=90 ans;tests positifs / réalisés;18-10-2020;8,15;3207;"#ED9D1D"
>=90 ans;tests positifs / réalisés;25-10-2020;12,14;6552;"#EC9221"
>=90 ans;tests positifs / réalisés;01-11-2020;11,74;7904;"#EC9221"
>=90 ans;tests positifs / réalisés;08-11-2020;10,29;8079;"#EC9221"
>=90 ans;tests positifs / réalisés;15-11-2020;9,76;7161;"#EC9221"
>=90 ans;tests positifs / réalisés;22-11-2020;8,15;5399;"#EC9221"
>=90 ans;tests positifs / réalisés;29-11-2020;7,31;4260;"#EC9221"
>=90 ans;tests positifs / réalisés;06-12-2020;7,81;4298;"#EB8626"
>=90 ans;tests positifs / réalisés;13-12-2020;7,66;4087;"#EB8626"
>=90 ans;tests positifs / réalisés;20-12-2020;7,64;4346;"#EB8626"
>=90 ans;tests positifs / réalisés;27-12-2020;6,75;3486;"#EB8626"
>=90 ans;tests positifs / réalisés;03-01-2021;6,17;3139;"#EB8626"
>=90 ans;tests positifs / réalisés;10-01-2021;6,31;4039;"#EB8626"
>=90 ans;tests positifs / réalisés;17-01-2021;7,76;4824;"#EB8626"
>=90 ans;tests positifs / réalisés;24-01-2021;8,04;4817;"#EA7A2A"
>=90 ans;tests positifs / réalisés;31-01-2021;7,82;4870;"#EA7A2A"
>=90 ans;tests positifs / réalisés;07-02-2021;6,63;4181;"#EA7A2A"
>=90 ans;tests positifs / réalisés;14-02-2021;5,37;3163;"#EA7A2A"
>=90 ans;tests positifs / réalisés;21-02-2021;5,1;2812;"#EA7A2A"
>=90 ans;tests positifs / réalisés;28-02-2021;4,73;2399;"#EA7A2A"
>=90 ans;tests positifs / réalisés;07-03-2021;3,61;1693;"#E96F2E"
>=90 ans;tests positifs / réalisés;14-03-2021;3,7;1677;"#E96F2E"
>=90 ans;tests positifs / réalisés;21-03-2021;4,6;2019;"#E96F2E"
>=90 ans;tests positifs / réalisés;28-03-2021;4,77;2238;"#E96F2E"
>=90 ans;tests positifs / réalisés;04-04-2021;4,82;2390;"#E96F2E"
>=90 ans;tests positifs / réalisés;11-04-2021;4,41;2062;"#E96F2E"
>=90 ans;tests positifs / réalisés;18-04-2021;4,53;2171;"#E96F2E"
>=90 ans;tests positifs / réalisés;25-04-2021;4,5;2113;"#E86333"
>=90 ans;tests positifs / réalisés;02-05-2021;3,78;1671;"#E86333"
>=90 ans;tests positifs / réalisés;09-05-2021;2,84;1127;"#E86333"
>=90 ans;tests positifs / réalisés;16-05-2021;2,49;809;"#E86333"
>=90 ans;tests positifs / réalisés;23-05-2021;1,81;572;"#E86333"
>=90 ans;tests positifs / réalisés;30-05-2021;1,4;401;"#E86333"
>=90 ans;tests positifs / réalisés;06-06-2021;1,15;326;"#E75737"
>=90 ans;tests positifs / réalisés;13-06-2021;0,77;194;"#E75737"
>=90 ans;tests positifs / réalisés;20-06-2021;0,68;157;"#E75737"
>=90 ans;tests positifs / réalisés;27-06-2021;0,5;106;"#E75737"
>=90 ans;tests positifs / réalisés;04-07-2021;0,48;101;"#E75737"
>=90 ans;tests positifs / réalisés;11-07-2021;0,52;111;"#ffffff"
>=90 ans;tests positifs / réalisés;18-07-2021;0,77;160;"#3498db"
